Keyword,libertyhomeguard.com,afchomeclub.com,Search Volume,Keyword Difficulty,CPC,Competition,Results,Keyword Intents,libertyhomeguard.com (pages),afchomeclub.com (pages),
fire alarm beeping,94,0,22200,33,0.56,0.24,8600000,Informational,https://www.libertyhomeguard.com/problems-with-smoke-detectors-how-to-fix/,https://www.libertyhomeguard.com/problems-with-smoke-detectors-how-to-fix/,
timeframe,70,0,14800,60,0.32,0.01,1040000000,Informational,https://www.libertyhomeguard.com/glossary/repair-timeframe/,https://www.libertyhomeguard.com/glossary/repair-timeframe/,
warranty deed,73,0,14800,46,1.35,0.08,7650000,Informational,https://www.libertyhomeguard.com/glossary/warranty-deed/,https://www.libertyhomeguard.com/glossary/warranty-deed/,
what is a water softener,89,0,14800,69,1.37,0.59,36200000,Informational,https://www.libertyhomeguard.com/ideal-water-softener-for-your-home/,https://www.libertyhomeguard.com/ideal-water-softener-for-your-home/,
define prorated,99,0,12100,50,0,0,15800000,Informational,https://www.libertyhomeguard.com/glossary/prorated-warranty/,https://www.libertyhomeguard.com/glossary/prorated-warranty/,
how to clean a dishwasher,39,0,12100,39,0.34,0.35,86900000,Informational,https://www.libertyhomeguard.com/how-to-clean-the-inside-of-a-dishwasher-and-under-it/,https://www.libertyhomeguard.com/how-to-clean-the-inside-of-a-dishwasher-and-under-it/,
buyers remorse,60,0,9900,56,0,0,4440000,Informational,https://www.libertyhomeguard.com/prevent-home-buyers-remorse/,https://www.libertyhomeguard.com/prevent-home-buyers-remorse/,
how to fix a leaky faucet,16,0,9900,43,0.87,0.36,2100000,Informational,https://www.libertyhomeguard.com/appliance-brands/ge-appliance-repair-warranty/,https://www.libertyhomeguard.com/how-to-fix-a-dripping-or-leaky-faucet/,
define consequential,56,0,8100,40,0,0,52700000,Informational,https://www.libertyhomeguard.com/how-to-fix-a-dripping-or-leaky-faucet/,https://www.libertyhomeguard.com/glossary/consequential-damage/,
diving board,26,0,8100,20,0.53,1,120000000,"Informational, Transactional",https://www.libertyhomeguard.com/glossary/consequential-damage/,https://www.libertyhomeguard.com/swimming-pool-diving-boards-are-they-safe-or-not-for-home-pools/,
grace period,14,0,8100,64,0,0,315000000,Informational,https://www.libertyhomeguard.com/swimming-pool-diving-boards-are-they-safe-or-not-for-home-pools/,https://www.libertyhomeguard.com/glossary/grace-period/,
old house,0,95,8100,67,0.83,0.02,6590000000,Informational,https://www.libertyhomeguard.com/glossary/grace-period/,,https://afchomeclub.com/buying-an-old-house-common-problems-hidden-costs-benefits
viking refrigerator,93,0,8100,25,1.17,0.98,14200000,"Informational, Transactional",https://www.libertyhomeguard.com/appliance-brands/viking-appliance-repair-warranty/,https://www.libertyhomeguard.com/appliance-brands/viking-appliance-repair-warranty/,
define dwelling,83,0,6600,62,0,0,217000000,Informational,https://www.libertyhomeguard.com/glossary/dwelling-policy/,https://www.libertyhomeguard.com/glossary/dwelling-policy/,
frozen pipes,0,70,6600,51,12.55,0.14,16200000,"Commercial, Informational",,,https://afchomeclub.com/what-to-do-if-your-pipes-freeze
how does a septic tank work,0,30,6600,30,1.45,0.02,19900000,Informational,,,https://afchomeclub.com/how-do-residential-septic-systems-work
how to drain a water heater,0,0,6600,25,1.49,0.19,43400000,Informational,,,
how to get rid of skunk smell,17,0,6600,30,0.3,0.36,1400000,Informational,https://www.libertyhomeguard.com/best-tips-for-how-to-get-rid-of-skunk-smell/,https://www.libertyhomeguard.com/best-tips-for-how-to-get-rid-of-skunk-smell/,
r410 refrigerant,46,0,6600,23,1.26,1,1220000,"Informational, Transactional",https://www.libertyhomeguard.com/r410a-refrigerant-phase-out/,https://www.libertyhomeguard.com/r410a-refrigerant-phase-out/,
septic tank system,0,30,6600,52,3.56,0.6,24500000,Informational,,,https://afchomeclub.com/how-do-residential-septic-systems-work
what is a warranty deed,5,0,6600,37,0.39,0.02,7240000,Informational,https://www.libertyhomeguard.com/glossary/warranty-deed/,https://www.libertyhomeguard.com/glossary/warranty-deed/,
clean dishwasher,90,0,5400,44,0.36,0.43,176000000,Informational,https://www.libertyhomeguard.com/how-to-clean-the-inside-of-a-dishwasher-and-under-it/,https://www.libertyhomeguard.com/how-to-clean-the-inside-of-a-dishwasher-and-under-it/,
foreman definition,0,0,5400,57,0,0,32300000,Informational,,,
grinder pump,89,0,5400,20,1.05,1,18700000,"Informational, Transactional",https://www.libertyhomeguard.com/appliance-brands/ge-appliance-repair-warranty/,https://www.libertyhomeguard.com/optional-coverage/grinder-pump-warranty-coverage/,
how to get rid of fleas in the house fast,0,0,5400,43,1.67,0.83,6510000,Informational,https://www.libertyhomeguard.com/optional-coverage/grinder-pump-warranty-coverage/,,
how to unfreeze pipes,0,38,5400,35,12.95,0.12,66300,Informational,,,https://afchomeclub.com/what-to-do-if-your-pipes-freeze
microwave buzzes then stopped working,13,0,5400,26,0,0,48200000,Informational,,https://www.libertyhomeguard.com/top-reasons-microwave-is-not-working/,
refrigerator not cooling,80,0,5400,26,1.68,0.27,785000000,Informational,https://www.libertyhomeguard.com/top-reasons-microwave-is-not-working/,https://www.libertyhomeguard.com/refrigerator-to-stop-getting-cold/,
stove covers,0,0,5400,7,0.92,1,32900000,"Informational, Transactional",https://www.libertyhomeguard.com/refrigerator-to-stop-getting-cold/,,
